INSERT INTO user (email, first_name, last_name) VALUES
                                                    ('john.doe@example.com', 'John', 'Doe'),
                                                    ('jane.smith@example.com', 'Jane', 'Smith'),
                                                    ('michael.jones@example.com', 'Michael', 'Jones'),
                                                    ('emily.brown@example.com', 'Emily', 'Brown'),
                                                    ('william.davis@example.com', 'William', 'Davis'),
                                                    ('olivia.miller@example.com', 'Olivia', 'Miller'),
                                                    ('james.wilson@example.com', 'James', 'Wilson'),
                                                    ('susan.moore@example.com', 'Susan', 'Moore'),
                                                    ('david.taylor@example.com', 'David', 'Taylor'),
                                                    ('lisa.anderson@example.com', 'Lisa', 'Anderson'),
                                                    ('charles.thomas@example.com', 'Charles', 'Thomas'),
                                                    ('sarah.jackson@example.com', 'Sarah', 'Jackson'),
                                                    ('daniel.white@example.com', 'Daniel', 'White'),
                                                    ('mary.harris@example.com', 'Mary', 'Harris'),
                                                    ('robert.martin@example.com', 'Robert', 'Martin'),
                                                    ('patricia.thompson@example.com', 'Patricia', 'Thompson'),
                                                    ('christopher.garcia@example.com', 'Christopher', 'Garcia'),
                                                    ('dorothy.martinez@example.com', 'Dorothy', 'Martinez'),
                                                    ('joseph.robinson@example.com', 'Joseph', 'Robinson'),
                                                    ('laura.clark@example.com', 'Laura', 'Clark'),
                                                    ('thomas.lewis@example.com', 'Thomas', 'Lewis'),
                                                    ('nancy.walker@example.com', 'Nancy', 'Walker'),
                                                    ('george.hall@example.com', 'George', 'Hall'),
                                                    ('barbara.allen@example.com', 'Barbara', 'Allen'),
                                                    ('paul.young@example.com', 'Paul', 'Young'),
                                                    ('linda.king@example.com', 'Linda', 'King'),
                                                    ('henry.scott@example.com', 'Henry', 'Scott'),
                                                    ('elizabeth.green@example.com', 'Elizabeth', 'Green'),
                                                    ('patrick.adams@example.com', 'Patrick', 'Adams'),
                                                    ('anna.baker@example.com', 'Anna', 'Baker');



INSERT INTO car (fuel_type, make, model, registration_number, user_id) VALUES
                                                                           ('Diesel', 'Toyota', 'Corolla', 'ABC1234', 1),
                                                                           ('Petrol', 'Ford', 'Focus', 'DEF5678', 2),
                                                                           ('LPG', 'Volkswagen', 'Golf', 'GHI9101', 3),
                                                                           ('Diesel', 'BMW', 'X5', 'JKL1122', 4),
                                                                           ('Petrol', 'Audi', 'A4', 'MNO3344', 5),
                                                                           ('Diesel', 'Mercedes', 'C-Class', 'PQR5566', 6),
                                                                           ('LPG', 'Honda', 'Civic', 'STU7788', 7),
                                                                           ('Petrol', 'Nissan', 'Altima', 'VWX9900', 8),
                                                                           ('Diesel', 'Chevrolet', 'Malibu', 'XYZ1111', 9),
                                                                           ('LPG', 'Hyundai', 'Sonata', 'AAA2233', 10),
                                                                           ('Diesel', 'Kia', 'Optima', 'BBB4455', 11),
                                                                           ('Petrol', 'Mazda', 'CX-5', 'CCC6677', 12),
                                                                           ('LPG', 'Subaru', 'Outback', 'DDD8899', 13),
                                                                           ('Diesel', 'Ford', 'Escape', 'EEE1122', 14),
                                                                           ('Petrol', 'Jeep', 'Cherokee', 'FFF3344', 15),
                                                                           ('Diesel', 'Ram', '1500', 'GGG5566', 16),
                                                                           ('Petrol', 'Chrysler', 'Pacifica', 'HHH7788', 17),
                                                                           ('LPG', 'Toyota', 'RAV4', 'III9900', 18),
                                                                           ('Diesel', 'Mazda', '6', 'JJJ2233', 19),
                                                                           ('Petrol', 'Nissan', 'Rogue', 'KKK4455', 20),
                                                                           ('Diesel', 'Honda', 'Pilot', 'LLL6677', 21),
                                                                           ('LPG', 'Chevrolet', 'Tahoe', 'MMM8899', 22),
                                                                           ('Petrol', 'GMC', 'Sierra', 'NNN1122', 23),
                                                                           ('Diesel', 'BMW', '320i', 'OOO3344', 24),
                                                                           ('LPG', 'Audi', 'Q5', 'PPP5566', 25),
                                                                           ('Petrol', 'Volkswagen', 'Jetta', 'QQQ7788', 26),
                                                                           ('Diesel', 'Hyundai', 'Elantra', 'RRR9900', 27),
                                                                           ('LPG', 'Ram', '2500', 'SSS2233', 28),
                                                                           ('Petrol', 'Chevrolet', 'Equinox', 'TTT4455', 29),
                                                                           ('Diesel', 'Kia', 'Sorento', 'UUU6677', 30),
                                                                           ('LPG', 'Subaru', 'Forester', 'VVV8899', 1),
                                                                           ('Petrol', 'Honda', 'HR-V', 'WWW1122', 2),
                                                                           ('Diesel', 'Ford', 'Mustang', 'XXX3344', 3),
                                                                           ('LPG', 'Mazda', 'Mazda3', 'YYY5566', 4),
                                                                           ('Petrol', 'Toyota', 'Prius', 'ZZZ7788', 5),
                                                                           ('Diesel', 'BMW', 'M3', 'AAA9900', 6),
                                                                           ('LPG', 'Volkswagen', 'Passat', 'BBB2233', 7),
                                                                           ('Petrol', 'Nissan', '370Z', 'CCC4455', 8),
                                                                           ('Diesel', 'Chevrolet', 'Traverse', 'DDD6677', 9),
                                                                           ('LPG', 'Hyundai', 'Tucson', 'EEE8899', 10),
                                                                           ('Petrol', 'GMC', 'Yukon', 'FFF1122', 11),
                                                                           ('Diesel', 'Jeep', 'Wrangler', 'GGG3344', 12),
                                                                           ('LPG', 'Chrysler', '300', 'HHH5566', 13),
                                                                           ('Petrol', 'Subaru', 'Impreza', 'III7788', 14),
                                                                           ('Diesel', 'Toyota', 'Tundra', 'JJJ9900', 15),
                                                                           ('LPG', 'Kia', 'Soul', 'KKK2233', 16),
                                                                           ('Petrol', 'Mazda', 'CX-3', 'LLL4455', 17),
                                                                           ('Diesel', 'Ford', 'F-150', 'MMM6677', 18),
                                                                           ('LPG', 'Volkswagen', 'Beetle', 'NNN8899', 19),
                                                                           ('Petrol', 'Chevrolet', 'Camaro', 'OOO1122', 20),
                                                                           ('Diesel', 'Toyota', 'Land Cruiser', 'PPP2233', 21),
                                                                           ('Petrol', 'Audi', 'Q7', 'QQQ4455', 22),
                                                                           ('LPG', 'Ford', 'Edge', 'RRR6677', 23),
                                                                           ('Diesel', 'BMW', 'X3', 'SSS8899', 24),
                                                                           ('Petrol', 'Honda', 'Accord', 'TTT1122', 25),
                                                                           ('Diesel', 'Volkswagen', 'Tiguan', 'UUU3344', 26),
                                                                           ('LPG', 'Chevrolet', 'Bolt', 'VVV5566', 27),
                                                                           ('Petrol', 'Nissan', 'Maxima', 'WWW7788', 28),
                                                                           ('Diesel', 'Mazda', 'CX-9', 'XXX9900', 29),
                                                                           ('LPG', 'Subaru', 'Legacy', 'YYY2233', 30);


INSERT INTO trip (date, distance, fuel_consumption, trip_name, car_id) VALUES
                                                                           ('2025-01-01', 120, 10.2, 'Trip to the Mountains', 1),
                                                                           ('2025-01-02', 250, 21.0, 'City Travel', 2),
                                                                           ('2025-01-03', 300, 25.5, 'Beach Getaway', 3),
                                                                           ('2025-01-04', 500, 42.5, 'Long Drive', 4),
                                                                           ('2025-01-05', 150, 12.6, 'Weekend Trip', 5),
                                                                           ('2025-01-06', 650, 55.0, 'Holiday Travel', 6),
                                                                           ('2025-01-07', 220, 18.4, 'Mountain Adventure', 7),
                                                                           ('2025-01-08', 800, 72.0, 'Cross-Country Road Trip', 8),
                                                                           ('2025-01-09', 300, 25.5, 'Short Vacation', 9),
                                                                           ('2025-01-10', 120, 10.8, 'Local Exploration', 10),
                                                                           ('2025-01-11', 180, 15.3, 'Trip to the Lakes', 11),
                                                                           ('2025-01-12', 650, 55.0, 'Work Travel', 12),
                                                                           ('2025-01-13', 400, 34.0, 'Business Trip', 13),
                                                                           ('2025-01-14', 250, 21.0, 'Weekend Getaway', 14),
                                                                           ('2025-01-15', 500, 42.5, 'Summer Trip', 15),
                                                                           ('2025-01-16', 300, 25.5, 'Family Vacation', 16),
                                                                           ('2025-01-17', 700, 63.0, 'Exploring the Country', 17),
                                                                           ('2025-01-18', 150, 12.6, 'Quick Business Trip', 18),
                                                                           ('2025-01-19', 380, 32.3, 'Countryside Escape', 19),
                                                                           ('2025-01-20', 550, 46.7, 'Grand Tour', 20),
                                                                           ('2025-01-21', 220, 18.4, 'Friends Trip', 21),
                                                                           ('2025-01-22', 300, 25.5, 'Adventure Time', 22),
                                                                           ('2025-01-23', 450, 38.3, 'Hiking Trip', 23),
                                                                           ('2025-01-24', 180, 15.3, 'Quick Visit', 24),
                                                                           ('2025-01-25', 120, 10.8, 'Local Business', 25),
                                                                           ('2025-01-26', 600, 51.0, 'Road Trip with Friends', 26),
                                                                           ('2025-01-27', 400, 34.0, 'Client Meeting', 27),
                                                                           ('2025-01-28', 220, 18.4, 'Sightseeing Tour', 28),
                                                                           ('2025-01-29', 550, 46.7, 'National Park Visit', 29),
                                                                           ('2025-01-30', 300, 25.5, 'Family Road Trip', 30),
                                                                           ('2025-02-01', 250, 21.0, 'Visiting Relatives', 31),
                                                                           ('2025-02-02', 500, 42.5, 'Week-long Tour', 32),
                                                                           ('2025-02-03', 150, 12.6, 'Visit to the Coast', 33),
                                                                           ('2025-02-04', 650, 55.0, 'Exploring the Desert', 34),
                                                                           ('2025-02-05', 800, 72.0, 'Mountain Hiking', 35),
                                                                           ('2025-02-06', 220, 18.4, 'Business Trip to the City', 36),
                                                                           ('2025-02-07', 350, 29.7, 'Weekend Retreat', 37),
                                                                           ('2025-02-08', 450, 38.3, 'City-to-City', 38),
                                                                           ('2025-02-09', 600, 51.0, 'Cross-State Road Trip', 39),
                                                                           ('2025-02-10', 120, 10.8, 'Local Exploration', 40),
                                                                           ('2025-02-11', 200, 17.0, 'Trip to the Beach', 41),
                                                                           ('2025-02-12', 700, 63.0, 'Summer Vacation', 42),
                                                                           ('2025-02-13', 500, 42.5, 'Desert Drive', 43),
                                                                           ('2025-02-14', 400, 34.0, 'Night Adventure', 44),
                                                                           ('2025-02-15', 300, 25.5, 'Visit to the Mountain Range', 45),
                                                                           ('2025-02-16', 180, 15.3, 'Country Road', 46),
                                                                           ('2025-02-17', 650, 55.0, 'Family Reunion', 47),
                                                                           ('2025-02-18', 220, 18.4, 'Business Road Trip', 48),
                                                                           ('2025-02-19', 300, 25.5, 'Exploring Towns', 49),
                                                                           ('2025-02-20', 500, 42.5, 'Vacation Drive', 50),
                                                                           ('2025-02-21', 180, 15.3, 'Trip to the Winery', 1),
                                                                           ('2025-02-22', 600, 51.0, 'Cross-Country Exploration', 2),
                                                                           ('2025-02-23', 250, 21.0, 'City Sightseeing', 3),
                                                                           ('2025-02-24', 350, 29.7, 'Weekend Road Trip', 4),
                                                                           ('2025-02-25', 450, 38.3, 'Adventure Across State', 5),
                                                                           ('2025-02-26', 150, 12.6, 'Day Trip to the Coast', 6),
                                                                           ('2025-02-27', 500, 42.5, 'Mountain Expedition', 7),
                                                                           ('2025-02-28', 300, 25.5, 'Visit to the Farm', 8),
                                                                           ('2025-03-01', 650, 55.0, 'Hiking and Camping', 9),
                                                                           ('2025-03-02', 400, 34.0, 'Urban Road Trip', 10),
                                                                           ('2025-03-03', 120, 10.8, 'Short Drive', 11),
                                                                           ('2025-03-04', 180, 15.3, 'Visiting Family', 12),
                                                                           ('2025-03-05', 220, 18.4, 'Out of Town Business', 13),
                                                                           ('2025-03-06', 500, 42.5, 'Exploring National Park', 14),
                                                                           ('2025-03-07', 300, 25.5, 'Visiting Friends', 15),
                                                                           ('2025-03-08', 150, 12.6, 'Weekend Drive', 16),
                                                                           ('2025-03-09', 650, 55.0, 'Coast to Coast', 17),
                                                                           ('2025-03-10', 220, 18.4, 'Quick Getaway', 18),
                                                                           ('2025-03-11', 300, 25.5, 'Mountain Adventure', 19),
                                                                           ('2025-03-12', 500, 42.5, 'Countryside Travel', 20),
                                                                           ('2025-03-13', 350, 29.7, 'Visiting the Lakes', 21),
                                                                           ('2025-03-14', 120, 10.8, 'Business Visit', 22),
                                                                           ('2025-03-15', 220, 18.4, 'Weekend Adventure', 23),
                                                                           ('2025-03-16', 500, 42.5, 'Exploring the Desert', 24),
                                                                           ('2025-03-17', 300, 25.5, 'Touring the Towns', 25),
                                                                           ('2025-03-18', 150, 12.6, 'Family Visit', 26),
                                                                           ('2025-03-19', 650, 55.0, 'Family Road Trip', 27),
                                                                           ('2025-03-20', 220, 18.4, 'Quick Business', 28),
                                                                           ('2025-03-21', 300, 25.5, 'City Exploration', 29),
                                                                           ('2025-03-22', 500, 42.5, 'Road Trip Adventure', 30),
                                                                           ('2025-04-01', 150, 12.6, 'Weekend Getaway', 51),
                                                                           ('2025-04-02', 220, 18.4, 'City Business Trip', 52),
                                                                           ('2025-04-03', 300, 25.5, 'Family Vacation', 53),
                                                                           ('2025-04-04', 400, 34.0, 'Long Road Trip', 54),
                                                                           ('2025-04-05', 500, 42.5, 'Desert Tour', 55),
                                                                           ('2025-04-06', 650, 55.0, 'Country Exploration', 56),
                                                                           ('2025-04-07', 120, 10.8, 'Local Travel', 57),
                                                                           ('2025-04-08', 220, 18.4, 'Nature Retreat', 58),
                                                                           ('2025-04-09', 300, 25.5, 'Weekend Getaway', 59),
                                                                           ('2025-04-10', 500, 42.5, 'Business Travel', 60);;


INSERT INTO car_expense (car_cost, date, expense_name, car_id) VALUES
                                                                   (200.75, '2025-01-01', 'Tire Replacement', 1),
                                                                   (150.30, '2025-01-02', 'Technical Inspection', 2),
                                                                   (300.00, '2025-01-03', 'Air Conditioning Repair', 3),
                                                                   (50.00, '2025-01-04', 'Oil Change', 4),
                                                                   (105.50, '2025-01-05', 'Brake Replacement', 5),
                                                                   (450.20, '2025-01-06', 'Engine Repair', 6),
                                                                   (250.80, '2025-01-07', 'Battery Replacement', 7),
                                                                   (500.60, '2025-01-08', 'Suspension Repair', 8),
                                                                   (120.00, '2025-01-09', 'Technical Inspection', 9),
                                                                   (100.00, '2025-01-10', 'Brake Pad Replacement', 10),
                                                                   (200.40, '2025-01-11', 'Tire Replacement', 11),
                                                                   (300.00, '2025-01-12', 'Exhaust System Repair', 12),
                                                                   (180.25, '2025-01-13', 'Air Conditioning Repair', 13),
                                                                   (220.10, '2025-01-14', 'Battery Replacement', 14),
                                                                   (150.00, '2025-01-15', 'Technical Inspection', 15),
                                                                   (250.00, '2025-01-16', 'Tire Replacement', 16),
                                                                   (400.00, '2025-01-17', 'Engine Repair', 17),
                                                                   (300.50, '2025-01-18', 'Suspension Repair', 18),
                                                                   (90.00, '2025-01-19', 'Oil Change', 19),
                                                                   (500.30, '2025-01-20', 'Brake System Replacement', 20),
                                                                   (110.50, '2025-01-21', 'Brake Pad Replacement', 21),
                                                                   (350.00, '2025-01-22', 'Air Conditioning Repair', 22),
                                                                   (230.25, '2025-01-23', 'Technical Inspection', 23),
                                                                   (190.00, '2025-01-24', 'Tire Replacement', 24),
                                                                   (300.75, '2025-01-25', 'Suspension Repair', 25),
                                                                   (150.50, '2025-01-26', 'Battery Replacement', 26),
                                                                   (220.00, '2025-01-27', 'Oil Change', 27),
                                                                   (330.00, '2025-01-28', 'Engine Repair', 28),
                                                                   (120.00, '2025-01-29', 'Brake Replacement', 29),
                                                                   (400.50, '2025-01-30', 'Exhaust System Repair', 30),
                                                                   (250.00, '2025-02-01', 'Tire Replacement', 31),
                                                                   (180.20, '2025-02-02', 'Technical Inspection', 32),
                                                                   (300.00, '2025-02-03', 'Air Conditioning Repair', 33),
                                                                   (150.75, '2025-02-04', 'Oil Change', 34),
                                                                   (500.10, '2025-02-05', 'Suspension Repair', 35),
                                                                   (220.00, '2025-02-06', 'Brake System Replacement', 36),
                                                                   (350.00, '2025-02-07', 'Engine Repair', 37),
                                                                   (200.50, '2025-02-08', 'Battery Replacement', 38),
                                                                   (150.00, '2025-02-09', 'Brake Pad Replacement', 39),
                                                                   (400.00, '2025-02-10', 'Suspension Repair', 40),
                                                                   (300.25, '2025-02-11', 'Technical Inspection', 41),
                                                                   (230.75, '2025-02-12', 'Tire Replacement', 42),
                                                                   (120.30, '2025-02-13', 'Exhaust System Repair', 43),
                                                                   (100.50, '2025-02-14', 'Brake Pad Replacement', 44),
                                                                   (350.00, '2025-02-15', 'Oil Change', 45),
                                                                   (450.00, '2025-02-16', 'Air Conditioning Repair', 46),
                                                                   (220.20, '2025-02-17', 'Suspension Repair', 47),
                                                                   (300.00, '2025-02-18', 'Brake System Replacement', 48),
                                                                   (200.75, '2025-02-19', 'Engine Repair', 49),
                                                                   (500.00, '2025-02-20', 'Battery Replacement', 50),
                                                                   (150.00, '2025-02-21', 'Brake Pad Replacement', 51),
                                                                   (180.30, '2025-02-22', 'Suspension Repair', 52),
                                                                   (220.00, '2025-02-23', 'Oil Change', 53),
                                                                   (350.00, '2025-02-24', 'Air Conditioning Repair', 54),
                                                                   (400.75, '2025-02-25', 'Brake System Replacement', 55),
                                                                   (300.00, '2025-02-26', 'Technical Inspection', 56),
                                                                   (230.00, '2025-02-27', 'Tire Replacement', 57),
                                                                   (120.00, '2025-02-28', 'Suspension Repair', 58),
                                                                   (500.00, '2025-03-01', 'Engine Repair', 59),
                                                                   (350.50, '2025-03-02', 'Brake Pad Replacement', 60);


INSERT INTO fuel_expense (date, fuel_amount, fuel_cost, price_per_liter, car_id) VALUES
                                                                                     ('2025-01-01', 22.4, 148.80, 6.64, 1),
                                                                                     ('2025-02-01', 25.0, 170.00, 6.80, 1),
                                                                                     ('2025-03-01', 20.0, 140.00, 7.00, 1),
                                                                                     ('2025-01-02', 18.0, 126.00, 7.00, 2),
                                                                                     ('2025-02-02', 22.5, 157.50, 6.90, 2),
                                                                                     ('2025-03-02', 21.0, 147.00, 7.10, 2),
                                                                                     ('2025-01-03', 25.0, 175.00, 7.00, 3),
                                                                                     ('2025-02-03', 19.5, 136.50, 6.80, 3),
                                                                                     ('2025-03-03', 23.0, 161.00, 7.00, 3),
                                                                                     ('2025-01-04', 20.0, 140.00, 6.90, 4),
                                                                                     ('2025-02-04', 21.0, 147.00, 6.75, 4),
                                                                                     ('2025-03-04', 18.5, 129.50, 7.00, 4),
                                                                                     ('2025-01-05', 15.0, 105.00, 7.00, 5),
                                                                                     ('2025-02-05', 16.5, 115.50, 6.50, 5),
                                                                                     ('2025-03-05', 17.0, 119.00, 6.90, 5),
                                                                                     ('2025-01-06', 27.0, 189.00, 7.00, 6),
                                                                                     ('2025-02-06', 24.5, 171.50, 6.90, 6),
                                                                                     ('2025-03-06', 29.0, 203.00, 7.00, 6),
                                                                                     ('2025-01-07', 22.0, 154.00, 6.90, 7),
                                                                                     ('2025-02-07', 23.5, 164.50, 7.00, 7),
                                                                                     ('2025-03-07', 21.5, 150.50, 7.30, 7),
                                                                                     ('2025-01-08', 25.0, 175.00, 6.80, 8),
                                                                                     ('2025-02-08', 24.0, 168.00, 7.10, 8),
                                                                                     ('2025-03-08', 26.0, 182.00, 7.20, 8),
                                                                                     ('2025-01-09', 18.5, 129.50, 6.70, 9),
                                                                                     ('2025-02-09', 20.5, 143.50, 7.00, 9),
                                                                                     ('2025-03-09', 19.0, 133.00, 7.30, 9),
                                                                                     ('2025-01-10', 23.5, 164.50, 6.90, 10),
                                                                                     ('2025-02-10', 22.0, 154.00, 7.00, 10),
                                                                                     ('2025-03-10', 24.0, 168.00, 7.10, 10),
                                                                                     ('2025-01-11', 21.0, 147.00, 7.00, 11),
                                                                                     ('2025-02-11', 20.5, 143.50, 6.90, 11),
                                                                                     ('2025-03-11', 19.5, 136.50, 7.00, 11),
                                                                                     ('2025-01-12', 24.0, 168.00, 7.00, 12),
                                                                                     ('2025-02-12', 25.5, 178.50, 7.10, 12),
                                                                                     ('2025-03-12', 23.0, 161.00, 6.90, 12),
                                                                                     ('2025-01-13', 20.0, 140.00, 7.10, 13),
                                                                                     ('2025-02-13', 22.5, 157.50, 7.00, 13),
                                                                                     ('2025-03-13', 21.0, 147.00, 7.30, 13),
                                                                                     ('2025-01-14', 19.0, 133.00, 6.90, 14),
                                                                                     ('2025-02-14', 18.5, 129.50, 6.75, 14),
                                                                                     ('2025-03-14', 20.0, 140.00, 7.20, 14),
                                                                                     ('2025-01-15', 23.0, 161.00, 7.00, 15),
                                                                                     ('2025-02-15', 24.5, 171.50, 6.80, 15),
                                                                                     ('2025-03-15', 22.0, 154.00, 7.10, 15),
                                                                                     ('2025-01-16', 21.5, 150.50, 7.30, 16),
                                                                                     ('2025-02-16', 22.0, 154.00, 7.00, 16),
                                                                                     ('2025-03-16', 23.5, 164.50, 6.90, 16),
                                                                                     ('2025-01-17', 24.0, 168.00, 7.00, 17),
                                                                                     ('2025-02-17', 23.0, 161.00, 6.90, 17),
                                                                                     ('2025-03-17', 25.0, 175.00, 7.10, 17),
                                                                                     ('2025-01-18', 18.0, 126.00, 6.60, 18),
                                                                                     ('2025-02-18', 19.5, 136.50, 7.00, 18),
                                                                                     ('2025-03-18', 20.0, 140.00, 7.20, 18),
                                                                                     ('2025-01-19', 22.0, 154.00, 6.80, 19),
                                                                                     ('2025-02-19', 23.0, 161.00, 7.10, 19),
                                                                                     ('2025-03-19', 24.0, 168.00, 6.90, 19),
                                                                                     ('2025-01-20', 20.5, 143.50, 7.00, 20),
                                                                                     ('2025-02-20', 21.5, 150.50, 6.90, 20),
                                                                                     ('2025-03-20', 19.0, 133.00, 7.10, 20),
                                                                                     ('2025-01-20', 20.5, 143.50, 7.00, 21),
                                                                                     ('2025-02-20', 21.5, 150.50, 6.90, 21),
                                                                                     ('2025-01-21', 22.0, 154.00, 6.80, 22),
                                                                                     ('2025-02-21', 23.0, 161.00, 7.10, 22),
                                                                                     ('2025-01-22', 24.0, 168.00, 7.00, 23),
                                                                                     ('2025-02-22', 25.0, 175.00, 7.20, 23),
                                                                                     ('2025-01-23', 18.5, 129.50, 6.90, 24),
                                                                                     ('2025-02-23', 20.0, 140.00, 7.10, 24),
                                                                                     ('2025-01-24', 19.0, 133.00, 6.75, 25),
                                                                                     ('2025-02-24', 21.0, 147.00, 7.00, 25),
                                                                                     ('2025-01-25', 20.0, 140.00, 6.80, 26),
                                                                                     ('2025-02-25', 22.0, 154.00, 7.10, 26),
                                                                                     ('2025-01-26', 21.0, 147.00, 7.00, 27),
                                                                                     ('2025-02-26', 23.5, 164.50, 6.90, 27),
                                                                                     ('2025-01-27', 22.5, 157.50, 6.75, 28),
                                                                                     ('2025-02-27', 23.0, 161.00, 7.00, 28),
                                                                                     ('2025-01-28', 19.5, 136.50, 7.00, 29),
                                                                                     ('2025-02-28', 20.0, 140.00, 6.90, 29),
                                                                                     ('2025-01-29', 21.5, 150.50, 7.10, 30),
                                                                                     ('2025-02-29', 22.0, 154.00, 7.20, 30),
                                                                                     ('2025-01-30', 23.0, 161.00, 6.90, 31),
                                                                                     ('2025-02-30', 24.0, 168.00, 7.00, 31),
                                                                                     ('2025-01-31', 24.5, 171.50, 7.30, 32),
                                                                                     ('2025-02-31', 25.0, 175.00, 6.80, 32),
                                                                                     ('2025-02-01', 20.0, 140.00, 6.90, 33),
                                                                                     ('2025-03-01', 22.0, 154.00, 7.10, 33),
                                                                                     ('2025-02-02', 19.0, 133.00, 7.00, 34),
                                                                                     ('2025-03-02', 21.0, 147.00, 6.90, 34),
                                                                                     ('2025-02-03', 22.5, 157.50, 6.80, 35),
                                                                                     ('2025-03-03', 23.5, 164.50, 7.00, 35),
                                                                                     ('2025-02-04', 20.0, 140.00, 7.20, 36),
                                                                                     ('2025-03-04', 21.5, 150.50, 6.90, 36),
                                                                                     ('2025-02-05', 21.0, 147.00, 6.75, 37),
                                                                                     ('2025-03-05', 22.5, 157.50, 7.00, 37),
                                                                                     ('2025-02-06', 23.0, 161.00, 7.10, 38),
                                                                                     ('2025-03-06', 24.0, 168.00, 6.90, 38),
                                                                                     ('2025-02-07', 24.5, 171.50, 6.80, 39),
                                                                                     ('2025-03-07', 25.0, 175.00, 7.00, 39),
                                                                                     ('2025-02-08', 20.0, 140.00, 7.10, 40),
                                                                                     ('2025-03-08', 21.5, 150.50, 6.90, 40),
                                                                                     ('2025-02-09', 22.0, 154.00, 7.00, 41),
                                                                                     ('2025-03-09', 23.5, 164.50, 7.20, 41),
                                                                                     ('2025-02-10', 23.0, 161.00, 6.90, 42),
                                                                                     ('2025-03-10', 24.0, 168.00, 7.00, 42),
                                                                                     ('2025-02-11', 21.5, 150.50, 6.80, 43),
                                                                                     ('2025-03-11', 22.0, 154.00, 7.10, 43),
                                                                                     ('2025-02-12', 22.5, 157.50, 6.90, 44),
                                                                                     ('2025-03-12', 23.0, 161.00, 7.00, 44),
                                                                                     ('2025-02-13', 23.5, 164.50, 7.20, 45),
                                                                                     ('2025-03-13', 24.0, 168.00, 6.90, 45),
                                                                                     ('2025-02-14', 21.0, 147.00, 7.00, 46),
                                                                                     ('2025-03-14', 22.5, 157.50, 6.80, 46),
                                                                                     ('2025-02-15', 22.0, 154.00, 7.10, 47),
                                                                                     ('2025-03-15', 23.0, 161.00, 6.90, 47),
                                                                                     ('2025-02-16', 21.5, 150.50, 7.00, 48),
                                                                                     ('2025-03-16', 22.0, 154.00, 7.20, 48),
                                                                                     ('2025-02-17', 23.5, 164.50, 6.90, 49),
                                                                                     ('2025-03-17', 24.0, 168.00, 7.00, 49),
                                                                                     ('2025-02-18', 20.0, 140.00, 6.80, 50),
                                                                                     ('2025-03-18', 21.0, 147.00, 7.10, 50),
                                                                                     ('2025-02-19', 22.5, 157.50, 7.20, 51),
                                                                                     ('2025-03-19', 23.0, 161.00, 6.90, 51),
                                                                                     ('2025-02-20', 24.0, 168.00, 7.00, 52),
                                                                                     ('2025-03-20', 25.0, 175.00, 7.10, 52),
                                                                                     ('2025-02-21', 21.5, 150.50, 7.10, 53),
                                                                                     ('2025-03-21', 22.0, 154.00, 6.90, 53),
                                                                                     ('2025-02-22', 20.0, 140.00, 7.00, 54),
                                                                                     ('2025-03-22', 21.5, 150.50, 6.80, 54),
                                                                                     ('2025-02-23', 21.0, 147.00, 7.20, 55),
                                                                                     ('2025-03-23', 22.5, 157.50, 6.90, 55),
                                                                                     ('2025-02-24', 22.0, 154.00, 7.10, 56),
                                                                                     ('2025-03-24', 23.5, 164.50, 6.80, 56),
                                                                                     ('2025-02-25', 23.0, 161.00, 7.00, 57),
                                                                                     ('2025-03-25', 24.0, 168.00, 6.90, 57),
                                                                                     ('2025-02-26', 21.5, 150.50, 7.20, 58),
                                                                                     ('2025-03-26', 22.0, 154.00, 7.10, 58),
                                                                                     ('2025-02-27', 20.5, 143.50, 7.00, 59),
                                                                                     ('2025-03-27', 21.5, 150.50, 7.30, 59),
                                                                                     ('2025-02-28', 22.0, 154.00, 6.90, 60);


INSERT INTO trip_expense (trip_id, expense_name, trip_cost) VALUES
                                                                (1, 'Parking fee', 15.50),
                                                                (2, 'Toll fee', 5.30),
                                                                (3, 'Parking fine', 45.20),
                                                                (4, 'Toll fee', 10.00),
                                                                (5, 'Parking fee', 12.50),
                                                                (6, 'Toll fee', 6.75),
                                                                (7, 'Parking fine', 50.00),
                                                                (8, 'Toll fee', 8.00),
                                                                (9, 'Parking fee', 14.00),
                                                                (10, 'Parking fine', 60.00),
                                                                (11, 'Toll fee', 7.50),
                                                                (12, 'Parking fee', 13.00),
                                                                (13, 'Toll fee', 6.00),
                                                                (14, 'Parking fine', 40.00),
                                                                (15, 'Toll fee', 9.00),
                                                                (16, 'Parking fee', 17.00),
                                                                (17, 'Toll fee', 5.50),
                                                                (18, 'Parking fine', 30.00),
                                                                (19, 'Toll fee', 7.30),
                                                                (20, 'Parking fee', 18.00),
                                                                (21, 'Toll fee', 6.20),
                                                                (22, 'Parking fine', 55.00),
                                                                (23, 'Toll fee', 4.80),
                                                                (24, 'Parking fee', 16.50),
                                                                (25, 'Toll fee', 7.00),
                                                                (26, 'Parking fine', 45.00),
                                                                (27, 'Toll fee', 5.60),
                                                                (28, 'Parking fee', 12.00),
                                                                (29, 'Toll fee', 8.20),
                                                                (30, 'Parking fine', 50.00),
                                                                (31, 'Toll fee', 6.40),
                                                                (32, 'Parking fee', 14.20),
                                                                (33, 'Toll fee', 5.80),
                                                                (34, 'Parking fine', 60.00),
                                                                (35, 'Toll fee', 7.10),
                                                                (36, 'Parking fee', 13.80),
                                                                (37, 'Toll fee', 8.50),
                                                                (38, 'Parking fine', 70.00),
                                                                (39, 'Toll fee', 6.90),
                                                                (40, 'Parking fee', 15.00),
                                                                (41, 'Toll fee', 5.20),
                                                                (42, 'Parking fine', 65.00),
                                                                (43, 'Toll fee', 6.10),
                                                                (44, 'Parking fee', 14.80),
                                                                (45, 'Toll fee', 8.30),
                                                                (46, 'Parking fine', 40.00),
                                                                (47, 'Toll fee', 6.50),
                                                                (48, 'Parking fee', 17.00),
                                                                (49, 'Toll fee', 7.40),
                                                                (50, 'Parking fine', 55.00),
                                                                (51, 'Toll fee', 5.70),
                                                                (52, 'Parking fee', 12.90),
                                                                (53, 'Toll fee', 7.60),
                                                                (54, 'Parking fine', 48.00),
                                                                (55, 'Toll fee', 6.30),
                                                                (56, 'Parking fee', 14.40),
                                                                (57, 'Toll fee', 8.10),
                                                                (58, 'Parking fine', 52.00),
                                                                (59, 'Toll fee', 5.90),
                                                                (60, 'Parking fee', 16.10),
                                                                (61, 'Toll fee', 7.20),
                                                                (62, 'Parking fine', 50.00),
                                                                (63, 'Toll fee', 6.60),
                                                                (64, 'Parking fee', 15.40),
                                                                (65, 'Toll fee', 8.50),
                                                                (66, 'Parking fine', 60.00),
                                                                (67, 'Toll fee', 6.00),
                                                                (68, 'Parking fee', 14.10),
                                                                (69, 'Toll fee', 7.80),
                                                                (70, 'Parking fine', 45.00),
                                                                (71, 'Toll fee', 5.40),
                                                                (72, 'Parking fee', 16.50),
                                                                (73, 'Toll fee', 8.00),
                                                                (74, 'Parking fine', 62.00),
                                                                (75, 'Toll fee', 6.70),
                                                                (76, 'Parking fee', 13.50),
                                                                (77, 'Toll fee', 5.80),
                                                                (78, 'Parking fine', 38.00),
                                                                (79, 'Toll fee', 7.90),
                                                                (80, 'Parking fee', 14.30),
                                                                (81, 'Toll fee', 5.50),
                                                                (82, 'Parking fine', 53.00),
                                                                (83, 'Toll fee', 6.10),
                                                                (84, 'Parking fee', 15.20),
                                                                (85, 'Toll fee', 8.00),
                                                                (86, 'Parking fine', 65.00),
                                                                (87, 'Toll fee', 7.00),
                                                                (88, 'Parking fee', 13.00),
                                                                (89, 'Toll fee', 6.90),
                                                                (90, 'Parking fine', 58.00);
